東西,地方,地域区分,県
東,北海道地方,北海道,北海道
東,東北地方,東北,青森県
東,東北地方,東北,岩手県
東,東北地方,東北,宮城県
東,東北地方,東北,秋田県
東,東北地方,東北,山形県
東,東北地方,東北,福島県
東,関東地方,北関東甲信,茨城県
東,関東地方,北関東甲信,栃木県
東,関東地方,北関東甲信,群馬県
東,関東地方,南関東,埼玉県
東,関東地方,南関東,千葉県
東,関東地方,南関東,東京都
東,関東地方,南関東,神奈川県
東,中部地方,北陸,新潟県
東,中部地方,北陸,富山県
東,中部地方,北陸,石川県
東,中部地方,北陸,福井県
東,中部地方,北関東甲信,山梨県
東,中部地方,北関東甲信,長野県
東,中部地方,東海,岐阜県
東,中部地方,東海,静岡県
東,中部地方,東海,愛知県
西,中部地方,東海,三重県
西,近畿地方,近畿,滋賀県
西,近畿地方,近畿,京都府
西,近畿地方,近畿,大阪府
西,近畿地方,近畿,兵庫県
西,近畿地方,近畿,奈良県
西,近畿地方,近畿,和歌山県
西,中国地方,中国,鳥取県
西,中国地方,中国,島根県
西,中国地方,中国,岡山県
西,中国地方,中国,広島県
西,中国地方,中国,山口県
西,四国地方,四国,徳島県
西,四国地方,四国,香川県
西,四国地方,四国,愛媛県
西,四国地方,四国,高知県
西,九州地方,九州,福岡県
西,九州地方,九州,佐賀県
西,九州地方,九州,長崎県
西,九州地方,九州,熊本県
西,九州地方,九州,大分県
西,九州地方,九州,宮崎県
西,九州地方,九州,鹿児島県
西,九州地方,九州,沖縄県
