ご依頼者,顧客名,lot_id,サンプル種別,検体識別番号
希工房,(有)希工房,2023010101H0001,品種A,1
希工房,(有)希工房,2023010102H0002,品種B,2
希工房,(有)希工房,2023010103H0003,品種B,3
広技研,(有)広技研,2023010104H0004,品種C,4
広技研,(有)広技研,2023010105H0005,品種B,5
広技研,(有)広技研,2023010106H0006,品種B,6
広技研,(有)広技研,2023010107H0007,品種B,7
北工房,(株)北工房,2023010108H0008,品種D,8
北工房,(株)北工房,2023010109H0009,品種A,9
北工房,(株)北工房,2023010110H0010,品種A,10
北工房,(株)北工房,2023010111H0011,品種A,11
北工房,(株)北工房,2023010112H0012,品種B,12
北工房,(株)北工房,2023010113H0013,品種B,13
北工房,(株)北工房,2023010114H0014,品種E,14
長谷川由美,長谷川由美,-,品種F,15
長谷川由美,長谷川由美,-,品種F,16
長谷川由美,長谷川由美,-,品種G,17
長谷川由美,長谷川由美,-,品種G,18
長谷川由美,長谷川由美,-,品種G,19
長谷川由美,長谷川由美,-,品種G,20
長谷川由美,長谷川由美,-,品種F,21
長谷川由美,長谷川由美,-,品種F,22
長谷川由美,長谷川由美,-,品種G,23
長谷川由美,長谷川由美,-,品種G,24
TUV Inc.,TUV Inc.,-,品種G,25
TUV Inc.,TUV Inc.,-,品種G,26
TUV Inc.,TUV Inc.,-,品種G,27
TUV Inc.,TUV Inc.,-,品種F,28
TUV Inc.,TUV Inc.,-,品種F,29
TUV Inc.,TUV Inc.,-,品種F,30
加藤正,加藤正氏,-,品種G,31
加藤正,加藤正氏,-,品種H,32
池田俊,池田俊,2023010115H0015,品種I,33
池田俊,池田俊,2023010116H0016,品種I,34
池田俊,池田俊,2023010117H0017,品種I,35
池田俊,池田俊,2023010118H0018,品種J,36
池田俊,池田俊,2023010119H0019,品種J,37
池田俊,池田俊,2023010120H0020,品種I,38
池田俊,池田俊,2023010121H0021,品種I,39
池田俊,池田俊,2023010122H0022,品種I,40
池田俊,池田俊,2023010123H0023,品種I,41
池田俊,池田俊,2023010124H0024,品種I,42
池田俊,池田俊,2023010125H0025,品種I,43
池田俊,池田俊,2023010126H0026,品種I,44
池田俊,池田俊,2023010127H0027,品種I,45
池田俊,池田俊,2023010128H0028,品種B,46
池田俊,池田俊,2023010129H0029,品種J,47
池田俊,池田俊,2023010130H0030,品種B,48
池田俊,池田俊,2023010131H0031,品種J,49
池田俊,池田俊,2023010132H0032,品種B,50
池田俊,池田俊,2023010133H0033,品種B,51
池田俊,池田俊,2023010134H0034,品種B,52
池田俊,池田俊,2023010135H0035,品種B,53
池田俊,池田俊,2023010136H0036,品種J,54
池田俊,池田俊,2023010137H0037,品種J,55
池田俊,池田俊,2023010138H0038,品種B,56
池田俊,池田俊,2023010139H0039,品種B,57
池田俊,池田俊,2023010140H0040,品種W,58
池田俊,池田俊,2023010141H0041,品種B,59
池田俊,池田俊,2023010142H0042,品種W,60
池田俊,池田俊,2023010143H0043,品種W,61
池田俊,池田俊,2023010144H0044,品種B,62
池田俊,池田俊,2023010145H0045,品種B,63
池田俊,池田俊,2023010146H0046,品種B,64
池田俊,池田俊,2023010147H0047,品種B,65
池田俊,池田俊,2023010148H0048,品種B,66
池田俊,池田俊,2023010149H0049,品種B,67
池田俊,池田俊,2023010150H0050,品種B,68
池田俊,池田俊,2023010151H0051,品種B,69
池田俊,池田俊,2023010152H0052,品種I,70
池田俊,池田俊,2023010153H0053,品種B,71
池田俊,池田俊,2023010154H0054,品種I,72
池田俊,池田俊,2023010155H0055,品種I,73
池田俊,池田俊,2023010156H0056,品種J,74
池田俊,池田俊,2023010157H0057,品種J,75
池田俊,池田俊,2023010158H0058,品種I,76
池田俊,池田俊,2023010159H0059,品種J,77
池田俊,池田俊,2023010160H0060,品種J,78
希技研,(有)希技研,2023010161H0061,品種B,79
希技研,(有)希技研,2023010162H0062,品種B,80
希技研,(有)希技研,2023010163H0063,品種B,81
希技研,(有)希技研,2023010164H0064,品種B,82
希技研,(有)希技研,2023010165H0065,品種B,83
希技研,(有)希技研,2023010166H0066,品種B,84
希技研,(有)希技研,2023010167H0067,品種B,85
希技研,(有)希技研,2023010168H0068,品種B,86
希技研,(有)希技研,2023010169H0069,品種B,87
希技研,(有)希技研,2023010170H0070,品種B,88
希技研,(有)希技研,2023010171H0071,品種B,89
希技研,(有)希技研,2023010172H0072,品種B,90
希技研,(有)希技研,2023010173H0073,品種B,91
希技研,(有)希技研,2023010174H0074,品種B,92
希技研,(有)希技研,2023010175H0075,品種B,93
希技研,(有)希技研,2023010176H0076,品種B,94
希技研,(有)希技研,2023010177H0077,品種B,95
希技研,(有)希技研,2023010178H0078,品種B,96
希技研,(有)希技研,2023010179H0079,品種B,97
希技研,(有)希技研,2023010180H0080,品種B,98
希技研,(有)希技研,2023010181H0081,品種B,99
希技研,(有)希技研,2023010182H0082,品種B,100
希技研,(有)希技研,2023010183H0083,品種B,101
希技研,(有)希技研,2023010184H0084,品種B,102
希技研,(有)希技研,2023010185H0085,品種B,103
希技研,(有)希技研,2023010186H0086,品種B,104
希技研,(有)希技研,2023010187H0087,品種B,105
希技研,(有)希技研,2023010188H0088,品種B,106
希技研,(有)希技研,2023010189H0089,品種AC,107
希技研,(有)希技研,2023010190H0090,品種AC,108
希技研,(有)希技研,2023010191H0091,品種AC,109
希技研,(有)希技研,2023010192H0092,品種AC,110
希技研,(有)希技研,2023010193H0093,品種AC,111
希技研,(有)希技研,2023010194H0094,品種AC,112
希技研,(有)希技研,2023010195H0095,品種AC,113
希技研,(有)希技研,2023010196H0096,品種AC,114
希技研,(有)希技研,2023010197H0097,品種AC,115
希技研,(有)希技研,2023010198H0098,品種AC,116
希技研,(有)希技研,2023010199H0099,品種AC,117
希技研,(有)希技研,20230101100H0100,品種AC,118
希技研,(有)希技研,20230101101H0101,品種AC,119
希技研,(有)希技研,20230101102H0102,品種AC,120
希技研,(有)希技研,20230101103H0103,品種AC,121
希技研,(有)希技研,20230101104H0104,品種AC,122
希技研,(有)希技研,20230101105H0105,品種AC,123
希技研,(有)希技研,20230101106H0106,品種AC,124
希技研,(有)希技研,20230101107H0107,品種AC,125
希技研,(有)希技研,20230101108H0108,品種Q,126
希技研,(有)希技研,20230101109H0109,品種AC,127
希技研,(有)希技研,20230101110H0110,品種AC,128
希技研,(有)希技研,20230101111H0111,品種AC,129
希技研,(有)希技研,20230101112H0112,品種AC,130
希技研,(有)希技研,20230101113H0113,品種Q,131
希技研,(有)希技研,20230101114H0114,品種Q,132
希技研,(有)希技研,20230101115H0115,品種Q,133
希技研,(有)希技研,20230101116H0116,品種Q,134
希技研,(有)希技研,20230101117H0117,品種Q,135
希技研,(有)希技研,20230101118H0118,品種Q,136
希技研,(有)希技研,20230101119H0119,品種AC,137
希技研,(有)希技研,20230101120H0120,品種AC,138
希技研,(有)希技研,20230101121H0121,品種B,139
希技研,(有)希技研,20230101122H0122,品種Q,140
希技研,(有)希技研,20230101123H0123,品種AI,141
希技研,(有)希技研,20230101124H0124,品種B,142
希技研,(有)希技研,20230101125H0125,品種Q,143
希技研,(有)希技研,20230101126H0126,品種B,144
希技研,(有)希技研,20230101127H0127,品種B,145
希技研,(有)希技研,20230101128H0128,品種B,146
希技研,(有)希技研,20230101129H0129,品種B,147
希技研,(有)希技研,20230101130H0130,品種B,148
希技研,(有)希技研,20230101131H0131,品種B,149
希技研,(有)希技研,20230101132H0132,品種B,150
希技研,(有)希技研,20230101133H0133,品種B,151
希技研,(有)希技研,20230101134H0134,品種B,152
希技研,(有)希技研,20230101135H0135,品種B,153
希技研,(有)希技研,20230101136H0136,品種J,154
希技研,(有)希技研,20230101137H0137,品種B,155
希技研,(有)希技研,20230101138H0138,品種J,156
希技研,(有)希技研,20230101139H0139,品種B,157
希技研,(有)希技研,20230101140H0140,品種J,158
希技研,(有)希技研,20230101141H0141,品種J,159
希技研,(有)希技研,20230101142H0142,品種J,160
希技研,(有)希技研,20230101143H0143,品種B,161
希技研,(有)希技研,20230101144H0144,品種AC,162
希技研,(有)希技研,-,品種Q,163
希技研,(有)希技研,20230101145H0145,品種J,164
吉田博,吉田博,20230101146H0146,品種B,165
吉田博,吉田博,20230101147H0147,品種B,166
吉田博,吉田博,20230101148H0148,品種B,167
吉田博,吉田博,20230101149H0149,品種B,168
吉田博,吉田博,20230101150H0150,品種I,169
吉田博,吉田博,20230101151H0151,品種I,170
吉田博,吉田博,20230101152H0152,品種B,171
吉田博,吉田博,20230101153H0153,品種B,172
吉田博,吉田博,20230101154H0154,品種B,173
吉田博,吉田博,20230101155H0155,品種B,174
吉田博,吉田博,-,品種B,175
吉田博,吉田博,20230101156H0156,品種I,176
吉田博,吉田博,20230101157H0157,品種B,177
吉田博,吉田博,20230101158H0158,品種I,178
吉田博,吉田博,20230101159H0159,品種I,179
吉田博,吉田博,20230101160H0160,品種I,180
吉田博,吉田博,20230101161H0161,品種I,181
吉田博,吉田博,20230101162H0162,品種B,182
吉田博,吉田博,20230101163H0163,品種I,183
吉田博,吉田博,20230101164H0164,品種B,184
吉田博,吉田博,20230101165H0165,品種I,185
吉田博,吉田博,20230101166H0166,品種B,186
吉田博,吉田博,20230101167H0167,品種B,187
吉田博,吉田博,20230101168H0168,品種I,188
吉田博,吉田博,20230101169H0169,品種B,189
吉田博,吉田博,20230101170H0170,品種B,190
吉田博,吉田博,20230101171H0171,品種I,191
吉田博,吉田博,20230101172H0172,品種I,192
吉田博,吉田博,20230101173H0173,品種B,193
吉田博,吉田博,20230101174H0174,品種I,194
吉田博,吉田博,20230101175H0175,品種I,195
吉田博,吉田博,20230101176H0176,品種B,196
吉田博,吉田博,20230101177H0177,品種I,197
吉田博,吉田博,20230101178H0178,品種B,198
吉田博,吉田博,20230101179H0179,品種B,199
吉田博,吉田博,20230101180H0180,品種I,200
吉田博,吉田博,20230101181H0181,品種I,201
吉田博,吉田博,20230101182H0182,品種I,202
吉田博,吉田博,20230101183H0183,品種I,203
吉田博,吉田博,20230101184H0184,品種I,204
吉田博,吉田博,20230101185H0185,品種I,205
吉田博,吉田博,20230101186H0186,品種I,206
吉田博,吉田博,20230101187H0187,品種I,207
吉田博,吉田博,20230101188H0188,品種I,208
吉田博,吉田博,20230101189H0189,品種I,209
吉田博,吉田博,20230101190H0190,品種I,210
吉田博,吉田博,20230101191H0191,品種I,211
吉田博,吉田博,20230101192H0192,品種I,212
吉田博,吉田博,20230101193H0193,品種I,213
吉田博,吉田博,20230101194H0194,品種I,214
吉田博,吉田博,20230101195H0195,品種I,215
吉田博,吉田博,20230101196H0196,品種I,216
吉田博,吉田博,20230101197H0197,品種I,217
吉田博,吉田博,20230101198H0198,品種I,218
吉田博,吉田博,20230101199H0199,品種I,219
吉田博,吉田博,20230101200H0200,品種I,220
吉田博,吉田博,20230101201H0201,品種I,221
吉田博,吉田博,20230101202H0202,品種I,222
吉田博,吉田博,20230101203H0203,品種I,223
吉田博,吉田博,20230101204H0204,品種I,224
吉田博,吉田博,20230101205H0205,品種I,225
吉田博,吉田博,20230101206H0206,品種I,226
吉田博,吉田博,20230101207H0207,品種I,227
吉田博,吉田博,20230101208H0208,品種I,228
吉田博,吉田博,20230101209H0209,品種I,229
吉田博,吉田博,20230101210H0210,品種I,230
吉田博,吉田博,20230101211H0211,品種I,231
吉田博,吉田博,20230101212H0212,品種I,232
吉田博,吉田博,20230101213H0213,品種I,233
吉田博,吉田博,20230101214H0214,品種I,234
吉田博,吉田博,20230101215H0215,品種I,235
吉田博,吉田博,20230101216H0216,品種I,236
吉田博,吉田博,20230101217H0217,品種I,237
吉田博,吉田博,20230101218H0218,品種I,238
吉田博,吉田博,20230101219H0219,品種I,239
吉田博,吉田博,20230101220H0220,品種I,240
吉田博,吉田博,20230101221H0221,品種I,241
吉田博,吉田博,20230101222H0222,品種I,242
吉田博,吉田博,20230101223H0223,品種I,243
吉田博,吉田博,20230101224H0224,品種I,244
吉田博,吉田博,20230101225H0225,品種I,245
吉田博,吉田博,20230101226H0226,品種I,246
吉田博,吉田博,20230101227H0227,品種AL,247
吉田博,吉田博,20230101228H0228,品種AL,248
吉田博,吉田博,20230101229H0229,品種AL,249
吉田博,吉田博,20230101230H0230,品種AL,250
吉田博,吉田博,20230101231H0231,品種AL,251
吉田博,吉田博,20230101232H0232,品種AL,252
吉田博,吉田博,20230101233H0233,品種AL,253
吉田博,吉田博,20230101234H0234,品種AL,254
吉田博,吉田博,20230101235H0235,品種AL,255
吉田博,吉田博,20230101236H0236,品種AL,256
吉田博,吉田博,20230101237H0237,品種AL,257
吉田博,吉田博,20230101238H0238,品種AL,258
吉田博,吉田博,20230101239H0239,品種AL,259
吉田博,吉田博,20230101240H0240,品種AL,260
吉田博,吉田博,20230101241H0241,品種AL,261
吉田博,吉田博,20230101242H0242,品種AL,262
吉田博,吉田博,20230101243H0243,品種AL,263
吉田博,吉田博,20230101244H0244,品種AL,264
吉田博,吉田博,20230101245H0245,品種AL,265
吉田博,吉田博,20230101246H0246,品種AL,266
吉田博,吉田博,20230101247H0247,品種AL,267
吉田博,吉田博,20230101248H0248,品種AL,268
吉田博,吉田博,20230101249H0249,品種AL,269
吉田博,吉田博,20230101250H0250,品種AL,270
田中剛,田中剛,20230101251H0251,品種B,271
田中剛,田中剛,20230101252H0252,品種J,272
田中剛,田中剛,20230101253H0253,品種J,273
田中剛,田中剛,20230101254H0254,品種J,274
田中剛,田中剛,20230101255H0255,品種B,275
田中剛,田中剛,20230101256H0256,品種B,276
田中剛,田中剛,20230101257H0257,品種B,277
田中剛,田中剛,20230101258H0258,品種B,278
田中剛,田中剛,20230101259H0259,品種B,279
田中剛,田中剛,20230101260H0260,品種AK,280
田中剛,田中剛,20230101261H0261,品種AK,281
田中剛,田中剛,20230101262H0262,品種B,282
田中剛,田中剛,20230101263H0263,品種B,283
田中剛,田中剛,20230101264H0264,品種B,284
田中剛,田中剛,20230101265H0265,品種B,285
田中剛,田中剛,20230101266H0266,品種B,286
田中剛,田中剛,20230101267H0267,品種B,287
田中剛,田中剛,20230101268H0268,品種AM,288
田中剛,田中剛,20230101269H0269,品種B,289
田中剛,田中剛,20230101270H0270,品種AM,290
田中剛,田中剛,20230101271H0271,品種J,291
田中剛,田中剛,20230101272H0272,品種O,292
田中剛,田中剛,20230101273H0273,品種B,293
田中剛,田中剛,20230101274H0274,品種B,294
田中剛,田中剛,20230101275H0275,品種B,295
田中剛,田中剛,20230101276H0276,品種B,296
田中剛,田中剛,20230101277H0277,品種J,297
田中剛,田中剛,20230101278H0278,品種B,298
田中剛,田中剛,20230101279H0279,品種B,299
田中剛,田中剛,20230101280H0280,品種B,300
田中剛,田中剛,20230101281H0281,品種B,301
田中剛,田中剛,20230101282H0282,品種B,302
田中剛,田中剛,20230101283H0283,品種B,303
田中剛,田中剛,20230101284H0284,品種AM,304
田中剛,田中剛,20230101285H0285,品種B,305
田中剛,田中剛,20230101286H0286,品種AM,306
田中剛,田中剛,20230101287H0287,品種O,307
田中剛,田中剛,20230101288H0288,品種O,308
田中剛,田中剛,20230101289H0289,品種O,309
田中剛,田中剛,20230101290H0290,品種O,310
田中剛,田中剛,20230101291H0291,品種AM,311
田中剛,田中剛,20230101292H0292,品種AM,312
田中剛,田中剛,20230101293H0293,品種B,313
田中剛,田中剛,20230101294H0294,品種J,314
田中剛,田中剛,20230101295H0295,品種J,315
田中剛,田中剛,20230101296H0296,品種J,316
田中剛,田中剛,20230101297H0297,品種J,317
田中剛,田中剛,20230101298H0298,品種J,318
田中剛,田中剛,20230101299H0299,品種J,319
田中剛,田中剛,-,品種AM,320
桜電機,(株)桜電機,20230101300H0300,品種B,321
桜電機,(株)桜電機,20230101301H0301,品種B,322
桜電機,(株)桜電機,20230101302H0302,品種B,323
桜電機,(株)桜電機,20230101303H0303,品種B,324
桜電機,(株)桜電機,20230101304H0304,品種AN,325
桜電機,(株)桜電機,20230101305H0305,品種B,326
桜電機,(株)桜電機,20230101306H0306,品種B,327
桜電機,(株)桜電機,20230101307H0307,品種B,328
桜電機,(株)桜電機,20230101308H0308,品種AN,329
桜電機,(株)桜電機,20230101309H0309,品種B,330
桜電機,(株)桜電機,20230101310H0310,品種B,331
桜電機,(株)桜電機,20230101311H0311,品種B,332
桜電機,(株)桜電機,20230101312H0312,品種B,333
桜電機,(株)桜電機,20230101313H0313,品種AN,334
桜電機,(株)桜電機,20230101314H0314,品種AN,335
桜電機,(株)桜電機,20230101315H0315,品種B,336
桜電機,(株)桜電機,20230101316H0316,品種B,337
桜電機,(株)桜電機,20230101317H0317,品種AN,338
新光工業,(株)新光工業,20230101318H0318,品種D,339
新光工業,(株)新光工業,20230101319H0319,品種AO,340
新光工業,(株)新光工業,20230101320H0320,品種D,341
新光工業,(株)新光工業,20230101321H0321,品種AO,342
新光工業,(株)新光工業,20230101322H0322,品種D,343
新光工業,(株)新光工業,20230101323H0323,品種D,344
新光工業,(株)新光工業,20230101324H0324,品種AP,345
新光工業,(株)新光工業,20230101325H0325,品種AO,346
新光工業,(株)新光工業,20230101326H0326,品種AP,347
新光工業,(株)新光工業,20230101327H0327,品種D,348
新光工業,(株)新光工業,20230101328H0328,品種D,349
新光工業,(株)新光工業,20230101329H0329,品種AO,350
新光工業,(株)新光工業,20230101330H0330,品種AP,351
新光工業,(株)新光工業,20230101331H0331,品種D,352
新光工業,(株)新光工業,20230101332H0332,品種D,353
新光工業,(株)新光工業,20230101333H0333,品種D,354
新光工業,(株)新光工業,20230101334H0334,品種X,355
新光工業,(株)新光工業,20230101335H0335,品種AH,356
新光工業,(株)新光工業,20230101336H0336,品種X,357
新光工業,(株)新光工業,20230101337H0337,品種X,358
新光工業,(株)新光工業,20230101338H0338,品種S,359
新光工業,(株)新光工業,20230101339H0339,品種S,360
新光工業,(株)新光工業,20230101340H0340,品種S,361
新光工業,(株)新光工業,20230101341H0341,品種S,362
新光工業,(株)新光工業,20230101342H0342,品種S,363
新光工業,(株)新光工業,20230101343H0343,品種S,364
新光工業,(株)新光工業,20230101344H0344,品種S,365
新光工業,(株)新光工業,20230101345H0345,品種S,366
新光工業,(株)新光工業,20230101346H0346,品種K,367
新光工業,(株)新光工業,20230101347H0347,品種AG,368
新光工業,(株)新光工業,20230101348H0348,品種X,369
新光工業,(株)新光工業,20230101349H0349,品種K,370
新光工業,(株)新光工業,20230101350H0350,品種K,371
新光工業,(株)新光工業,20230101351H0351,品種K,372
新光工業,(株)新光工業,20230101352H0352,品種AG,373
新光工業,(株)新光工業,20230101353H0353,品種AG,374
新光工業,(株)新光工業,20230101354H0354,品種AG,375
新光工業,(株)新光工業,20230101355H0355,品種AG,376
新光工業,(株)新光工業,20230101356H0356,品種X,377
新光工業,(株)新光工業,20230101357H0357,品種K,378
新光工業,(株)新光工業,20230101358H0358,品種K,379
新光工業,(株)新光工業,20230101359H0359,品種K,380
新光工業,(株)新光工業,20230101360H0360,品種K,381
新光工業,(株)新光工業,20230101361H0361,品種K,382
新光工業,(株)新光工業,20230101362H0362,品種K,383
新光工業,(株)新光工業,20230101363H0363,品種K,384
新光工業,(株)新光工業,20230101364H0364,品種K,385
新光工業,(株)新光工業,20230101365H0365,品種Y,386
新光工業,(株)新光工業,20230101366H0366,品種Y,387
新光工業,(株)新光工業,20230101367H0367,品種Y,388
新光工業,(株)新光工業,20230101368H0368,品種Y,389
新光工業,(株)新光工業,20230101369H0369,品種Y,390
新光工業,(株)新光工業,20230101370H0370,品種Y,391
新光工業,(株)新光工業,20230101371H0371,品種Y,392
新光工業,(株)新光工業,20230101372H0372,品種Y,393
新光工業,(株)新光工業,20230101373H0373,品種AG,394
新光工業,(株)新光工業,20230101374H0374,品種Y,395
新光工業,(株)新光工業,20230101375H0375,品種Y,396
新光工業,(株)新光工業,20230101376H0376,品種Y,397
新光工業,(株)新光工業,20230101377H0377,品種Y,398
新光工業,(株)新光工業,20230101378H0378,品種Y,399
新光工業,(株)新光工業,20230101379H0379,品種Y,400
新光工業,(株)新光工業,20230101380H0380,品種K,401
新光工業,(株)新光工業,20230101381H0381,品種S,402
新光工業,(株)新光工業,20230101382H0382,品種S,403
新光工業,(株)新光工業,20230101383H0383,品種S,404
新光工業,(株)新光工業,20230101384H0384,品種X,405
新光工業,(株)新光工業,20230101385H0385,品種X,406
新光工業,(株)新光工業,20230101386H0386,品種K,407
新光工業,(株)新光工業,20230101387H0387,品種X,408
新光工業,(株)新光工業,20230101388H0388,品種X,409
新光工業,(株)新光工業,20230101389H0389,品種X,410
新光工業,(株)新光工業,20230101390H0390,品種X,411
新光工業,(株)新光工業,20230101391H0391,品種X,412
新光工業,(株)新光工業,20230101392H0392,品種X,413
新光工業,(株)新光工業,20230101393H0393,品種K,414
新光工業,(株)新光工業,20230101394H0394,品種X,415
新光工業,(株)新光工業,20230101395H0395,品種K,416
新光工業,(株)新光工業,20230101396H0396,品種K,417
新光工業,(株)新光工業,20230101397H0397,品種D,418
新光工業,(株)新光工業,20230101398H0398,品種D,419
新光工業,(株)新光工業,20230101399H0399,品種D,420
新光工業,(株)新光工業,20230101400H0400,品種D,421
新光工業,(株)新光工業,20230101401H0401,品種AP,422
新光工業,(株)新光工業,20230101402H0402,品種AP,423
新光工業,(株)新光工業,20230101403H0403,品種AP,424
新光工業,(株)新光工業,20230101404H0404,品種AP,425
新光工業,(株)新光工業,20230101405H0405,品種AP,426
新光工業,(株)新光工業,20230101406H0406,品種AP,427
新光工業,(株)新光工業,20230101407H0407,品種AP,428
新光工業,(株)新光工業,20230101408H0408,品種AQ,429
新光工業,(株)新光工業,20230101409H0409,品種AQ,430
新光工業,(株)新光工業,20230101410H0410,品種AQ,431
新光工業,(株)新光工業,20230101411H0411,品種S,432
新光工業,(株)新光工業,20230101412H0412,品種AR,433
新光工業,(株)新光工業,20230101413H0413,品種AO,434
新光工業,(株)新光工業,20230101414H0414,品種AS,435
新光工業,(株)新光工業,20230101415H0415,品種AS,436
新光工業,(株)新光工業,20230101416H0416,品種S,437
新光工業,(株)新光工業,20230101417H0417,品種S,438
新光工業,(株)新光工業,20230101418H0418,品種AS,439
新光工業,(株)新光工業,20230101419H0419,品種AO,440
新光工業,(株)新光工業,20230101420H0420,品種AR,441
新光工業,(株)新光工業,20230101421H0421,品種AS,442
新光工業,(株)新光工業,20230101422H0422,品種AR,443
新光工業,(株)新光工業,20230101423H0423,品種X,444
新光工業,(株)新光工業,20230101424H0424,品種AS,445
新光工業,(株)新光工業,20230101425H0425,品種AO,446
新光工業,(株)新光工業,20230101426H0426,品種AO,447
新光工業,(株)新光工業,20230101427H0427,品種AR,448
新光工業,(株)新光工業,20230101428H0428,品種S,449
新光工業,(株)新光工業,20230101429H0429,品種X,450
新光工業,(株)新光工業,20230101430H0430,品種S,451
新光工業,(株)新光工業,20230101431H0431,品種S,452
新光工業,(株)新光工業,20230101432H0432,品種S,453
新光工業,(株)新光工業,20230101433H0433,品種AS,454
新光工業,(株)新光工業,20230101434H0434,品種AS,455
新光工業,(株)新光工業,20230101435H0435,品種AS,456
新光工業,(株)新光工業,20230101436H0436,品種S,457
新光工業,(株)新光工業,20230101437H0437,品種S,458
新光工業,(株)新光工業,20230101438H0438,品種S,459
新光工業,(株)新光工業,20230101439H0439,品種AO,460
新光工業,(株)新光工業,20230101440H0440,品種AR,461
新光工業,(株)新光工業,20230101441H0441,品種AS,462
新光工業,(株)新光工業,20230101442H0442,品種AS,463
新光工業,(株)新光工業,20230101443H0443,品種S,464
新光工業,(株)新光工業,20230101444H0444,品種S,465
新光工業,(株)新光工業,20230101445H0445,品種X,466
新光工業,(株)新光工業,20230101446H0446,品種S,467
新光工業,(株)新光工業,20230101447H0447,品種AS,468
新光工業,(株)新光工業,20230101448H0448,品種AS,469
新光工業,(株)新光工業,20230101449H0449,品種AO,470
新光工業,(株)新光工業,20230101450H0450,品種AS,471
新光工業,(株)新光工業,20230101451H0451,品種AS,472
新光工業,(株)新光工業,20230101452H0452,品種S,473
新光工業,(株)新光工業,20230101453H0453,品種J,474
新光工業,(株)新光工業,20230101454H0454,品種AS,475
新光工業,(株)新光工業,20230101455H0455,品種AO,476
新光工業,(株)新光工業,20230101456H0456,品種AS,477
新光工業,(株)新光工業,20230101457H0457,品種AR,478
新光工業,(株)新光工業,20230101458H0458,品種AS,479
新光工業,(株)新光工業,20230101459H0459,品種AS,480
新光工業,(株)新光工業,20230101460H0460,品種AS,481
新光工業,(株)新光工業,20230101461H0461,品種S,482
新光工業,(株)新光工業,20230101462H0462,品種S,483
新光工業,(株)新光工業,20230101463H0463,品種S,484
新光工業,(株)新光工業,20230101464H0464,品種X,485
新光工業,(株)新光工業,20230101465H0465,品種AO,486
新光工業,(株)新光工業,20230101466H0466,品種AS,487
新光工業,(株)新光工業,20230101467H0467,品種AO,488
新光工業,(株)新光工業,20230101468H0468,品種AS,489
新光工業,(株)新光工業,20230101469H0469,品種AS,490
新光工業,(株)新光工業,20230101470H0470,品種AS,491
新光工業,(株)新光工業,20230101471H0471,品種AS,492
新光工業,(株)新光工業,20230101472H0472,品種AS,493
新光工業,(株)新光工業,20230101473H0473,品種AS,494
新光工業,(株)新光工業,20230101474H0474,品種AS,495
新光工業,(株)新光工業,20230101475H0475,品種S,496
新光工業,(株)新光工業,20230101476H0476,品種AS,497
新光工業,(株)新光工業,20230101477H0477,品種AS,498
新光工業,(株)新光工業,20230101478H0478,品種AO,499
新光工業,(株)新光工業,20230101479H0479,品種AS,500
新光工業,(株)新光工業,20230101480H0480,品種AS,501
新光工業,(株)新光工業,20230101481H0481,品種AS,502
新光工業,(株)新光工業,20230101482H0482,品種S,503
新光工業,(株)新光工業,20230101483H0483,品種AS,504
新光工業,(株)新光工業,20230101484H0484,品種AS,505
新光工業,(株)新光工業,20230101485H0485,品種S,506
新光工業,(株)新光工業,20230101486H0486,品種X,507
新光工業,(株)新光工業,20230101487H0487,品種X,508
新光工業,(株)新光工業,20230101488H0488,品種X,509
新光工業,(株)新光工業,20230101489H0489,品種X,510
新光工業,(株)新光工業,20230101490H0490,品種Y,511
新光工業,(株)新光工業,20230101491H0491,品種AH,512
新光工業,(株)新光工業,20230101492H0492,品種X,513
新光工業,(株)新光工業,20230101493H0493,品種X,514
新光工業,(株)新光工業,20230101494H0494,品種X,515
新光工業,(株)新光工業,20230101495H0495,品種AH,516
新光工業,(株)新光工業,20230101496H0496,品種AH,517
新光工業,(株)新光工業,20230101497H0497,品種X,518
新光工業,(株)新光工業,20230101498H0498,品種Y,519
新光工業,(株)新光工業,20230101499H0499,品種S,520
新光工業,(株)新光工業,20230101500H0500,品種S,521
新光工業,(株)新光工業,20230101501H0501,品種S,522
新光工業,(株)新光工業,20230101502H0502,品種AH,523
新光工業,(株)新光工業,20230101503H0503,品種X,524
新光工業,(株)新光工業,20230101504H0504,品種S,525
新光工業,(株)新光工業,20230101505H0505,品種X,526
新光工業,(株)新光工業,20230101506H0506,品種AH,527
新光工業,(株)新光工業,20230101507H0507,品種X,528
新光工業,(株)新光工業,20230101508H0508,品種AH,529
新光工業,(株)新光工業,20230101509H0509,品種AH,530
新光工業,(株)新光工業,20230101510H0510,品種AH,531
新光工業,(株)新光工業,20230101511H0511,品種X,532
新光工業,(株)新光工業,20230101512H0512,品種X,533
新光工業,(株)新光工業,20230101513H0513,品種S,534
新光工業,(株)新光工業,20230101514H0514,品種X,535
新光工業,(株)新光工業,20230101515H0515,品種X,536
新光工業,(株)新光工業,20230101516H0516,品種X,537
新光工業,(株)新光工業,20230101517H0517,品種D,538
新光工業,(株)新光工業,20230101518H0518,品種AP,539
新光工業,(株)新光工業,20230101519H0519,品種AP,540
新光工業,(株)新光工業,20230101520H0520,品種AP,541
新光工業,(株)新光工業,20230101521H0521,品種AP,542
新光工業,(株)新光工業,20230101522H0522,品種D,543
新光工業,(株)新光工業,20230101523H0523,品種AP,544
新光工業,(株)新光工業,20230101524H0524,品種AP,545
新光工業,(株)新光工業,20230101525H0525,品種AP,546
新光工業,(株)新光工業,20230101526H0526,品種D,547
新光工業,(株)新光工業,20230101527H0527,品種AP,548
誠製作所,(有)誠製作所,20230101528H0528,品種AF,549
誠製作所,(有)誠製作所,20230101529H0529,品種T,550
GHX Ltd.,GHX Ltd.,20230101530H0530,品種T,551
GHX Ltd.,GHX Ltd.,20230101531H0531,品種T,552
GHX Ltd.,GHX Ltd.,20230101532H0532,品種T,553
GHX Ltd.,GHX Ltd.,20230101533H0533,品種T,554
GHX Ltd.,GHX Ltd.,20230101534H0534,品種AF,555
GHX Ltd.,GHX Ltd.,20230101535H0535,品種AB,556
GHX Ltd.,GHX Ltd.,20230101536H0536,品種AF,557
GHX Ltd.,GHX Ltd.,20230101537H0537,品種AF,558
GHX Ltd.,GHX Ltd.,20230101538H0538,品種AF,559
GHX Ltd.,GHX Ltd.,20230101539H0539,品種AF,560
GHX Ltd.,GHX Ltd.,20230101540H0540,品種T,561
GHX Ltd.,GHX Ltd.,20230101541H0541,品種AF,562
GHX Ltd.,GHX Ltd.,20230101542H0542,品種T,563
GHX Ltd.,GHX Ltd.,20230101543H0543,品種AF,564
GHX Ltd.,GHX Ltd.,20230101544H0544,品種AF,565
GHX Ltd.,GHX Ltd.,20230101545H0545,品種AF,566
GHX Ltd.,GHX Ltd.,20230101546H0546,品種AB,567
GHX Ltd.,GHX Ltd.,20230101547H0547,品種T,568
GHX Ltd.,GHX Ltd.,20230101548H0548,品種AB,569
GHX Ltd.,GHX Ltd.,20230101549H0549,品種T,570
GHX Ltd.,GHX Ltd.,20230101550H0550,品種T,571
GHX Ltd.,GHX Ltd.,20230101551H0551,品種T,572
GHX Ltd.,GHX Ltd.,20230101552H0552,品種T,573
GHX Ltd.,GHX Ltd.,20230101553H0553,品種T,574
GHX Ltd.,GHX Ltd.,20230101554H0554,品種T,575
GHX Ltd.,GHX Ltd.,20230101555H0555,品種B,576
GHX Ltd.,GHX Ltd.,20230101556H0556,品種AF,577
GHX Ltd.,GHX Ltd.,20230101557H0557,品種AF,578
GHX Ltd.,GHX Ltd.,20230101558H0558,品種AY,579
GHX Ltd.,GHX Ltd.,20230101559H0559,品種T,580
GHX Ltd.,GHX Ltd.,20230101560H0560,品種AF,581
GHX Ltd.,GHX Ltd.,20230101561H0561,品種AY,582
GHX Ltd.,GHX Ltd.,20230101562H0562,品種AF,583
GHX Ltd.,GHX Ltd.,20230101563H0563,品種AF,584
GHX Ltd.,GHX Ltd.,20230101564H0564,品種T,585
GHX Ltd.,GHX Ltd.,20230101565H0565,品種AF,586
GHX Ltd.,GHX Ltd.,20230101566H0566,品種AF,587
GHX Ltd.,GHX Ltd.,20230101567H0567,品種T,588
GHX Ltd.,GHX Ltd.,20230101568H0568,品種AF,589
GHX Ltd.,GHX Ltd.,20230101569H0569,品種AF,590
GHX Ltd.,GHX Ltd.,20230101570H0570,品種B,591
GHX Ltd.,GHX Ltd.,20230101571H0571,品種AF,592
GHX Ltd.,GHX Ltd.,20230101572H0572,品種AF,593
GHX Ltd.,GHX Ltd.,20230101573H0573,品種AF,594
GHX Ltd.,GHX Ltd.,20230101574H0574,品種T,595
GHX Ltd.,GHX Ltd.,20230101575H0575,品種T,596
GHX Ltd.,GHX Ltd.,20230101576H0576,品種B,597
GHX Ltd.,GHX Ltd.,-,,598
栄製作所,栄製作所,20230101577H0577,品種B,599
栄製作所,栄製作所,20230101578H0578,品種B,600
栄製作所,栄製作所,20230101579H0579,品種B,601
栄製作所,栄製作所,20230101580H0580,品種B,602
徳サービス,(株)徳サービス,20230101581H0581,品種L,603
徳サービス,(株)徳サービス,20230101582H0582,品種L,604
徳サービス,(株)徳サービス,20230101583H0583,品種L,605
徳サービス,(株)徳サービス,20230101584H0584,品種L,606
徳サービス,(株)徳サービス,20230101585H0585,品種L,607
徳サービス,(株)徳サービス,20230101586H0586,品種L,608
徳サービス,(株)徳サービス,20230101587H0587,品種L,609
徳サービス,(株)徳サービス,20230101588H0588,品種L,610
徳サービス,(株)徳サービス,20230101589H0589,品種AU,611
徳サービス,(株)徳サービス,20230101590H0590,品種AU,612
徳サービス,(株)徳サービス,20230101591H0591,品種L,613
徳サービス,(株)徳サービス,20230101592H0592,品種L,614
徳サービス,(株)徳サービス,20230101593H0593,品種L,615
徳サービス,(株)徳サービス,20230101594H0594,品種L,616
徳サービス,(株)徳サービス,20230101595H0595,品種L,617
徳サービス,(株)徳サービス,20230101596H0596,品種L,618
徳サービス,(株)徳サービス,20230101597H0597,品種L,619
徳サービス,(株)徳サービス,20230101598H0598,品種L,620
徳サービス,(株)徳サービス,20230101599H0599,品種L,621
徳サービス,(株)徳サービス,20230101600H0600,品種L,622
徳サービス,(株)徳サービス,20230101601H0601,品種L,623
広化学,株広化学,20230101602H0602,品種AH,624
広化学,株広化学,20230101603H0603,品種AH,625
広化学,株広化学,20230101604H0604,品種AH,626
広化学,株広化学,20230101605H0605,品種BC,627
広化学,株広化学,20230101606H0606,品種BC,628
広化学,株広化学,20230101607H0607,品種N,629
広化学,株広化学,20230101608H0608,品種N,630
広化学,株広化学,20230101609H0609,品種N,631
広化学,株広化学,20230101610H0610,品種N,632
広化学,株広化学,20230101611H0611,品種AV,633
広化学,株広化学,20230101612H0612,品種AV,634
広化学,株広化学,20230101613H0613,品種AV,635
広化学,株広化学,20230101614H0614,品種AV,636
広化学,株広化学,20230101615H0615,品種AV,637
広化学,株広化学,20230101616H0616,品種AV,638
広化学,株広化学,20230101617H0617,品種AV,639
広化学,株広化学,20230101618H0618,品種AV,640
広化学,株広化学,20230101619H0619,品種AV,641
広化学,株広化学,20230101620H0620,品種AV,642
広化学,株広化学,20230101621H0621,品種AV,643
広化学,株広化学,20230101622H0622,品種AX,644
広化学,株広化学,20230101623H0623,品種AX,645
広化学,株広化学,20230101624H0624,品種AX,646
広化学,株広化学,20230101625H0625,品種AX,647
広化学,株広化学,20230101626H0626,品種AX,648
栄サービス,栄サービス,20230101627H0627,品種A,649
栄興業,(有)栄興業,20230101628H0628,品種S,650
栄興業,(有)栄興業,20230101629H0629,品種S,651
栄興業,(有)栄興業,20230101630H0630,品種S,652
栄興業,(有)栄興業,-,品種S,653
広商事,(有)広商事,20230101631H0631,品種AP,654
広商事,(有)広商事,20230101632H0632,品種AP,655
広商事,(有)広商事,20230101633H0633,品種AP,656
広商事,(有)広商事,20230101634H0634,品種AP,657
広商事,(有)広商事,20230101635H0635,品種AP,658
広商事,(有)広商事,20230101636H0636,品種AP,659
広商事,(有)広商事,20230101637H0637,品種AP,660
広商事,(有)広商事,20230101638H0638,品種AP,661
広商事,(有)広商事,20230101639H0639,品種L,662
広商事,(有)広商事,20230101640H0640,品種L,663
広商事,(有)広商事,20230101641H0641,品種L,664
広商事,(有)広商事,20230101642H0642,品種L,665
広商事,(有)広商事,20230101643H0643,品種L,666
広商事,(有)広商事,20230101644H0644,品種L,667
広商事,(有)広商事,20230101645H0645,品種L,668
広商事,(有)広商事,20230101646H0646,品種L,669
広商事,(有)広商事,20230101647H0647,品種L,670
広商事,(有)広商事,20230101648H0648,品種L,671
広商事,(有)広商事,20230101649H0649,品種L,672
広商事,(有)広商事,20230101650H0650,品種L,673
広商事,(有)広商事,20230101651H0651,品種L,674
広商事,(有)広商事,20230101652H0652,品種L,675
西製作所,(株)西製作所,20230101653H0653,品種B,676
西製作所,(株)西製作所,20230101654H0654,品種B,677
西製作所,(株)西製作所,20230101655H0655,品種B,678
西製作所,(株)西製作所,20230101656H0656,品種B,679
西製作所,(株)西製作所,20230101657H0657,品種B,680
西製作所,(株)西製作所,20230101658H0658,品種B,681
西製作所,(株)西製作所,20230101659H0659,品種B,682
西製作所,(株)西製作所,20230101660H0660,品種B,683
西製作所,(株)西製作所,20230101661H0661,品種B,684
西製作所,(株)西製作所,20230101662H0662,品種B,685
西製作所,(株)西製作所,20230101663H0663,品種B,686
西製作所,(株)西製作所,20230101664H0664,品種B,687
西製作所,(株)西製作所,20230101665H0665,品種B,688
西製作所,(株)西製作所,20230101666H0666,品種B,689
西製作所,(株)西製作所,20230101667H0667,品種B,690
西製作所,(株)西製作所,20230101668H0668,品種B,691
西製作所,(株)西製作所,20230101669H0669,品種B,692
西製作所,(株)西製作所,20230101670H0670,品種B,693
西製作所,(株)西製作所,20230101671H0671,品種B,694
西製作所,(株)西製作所,20230101672H0672,品種B,695
西製作所,(株)西製作所,20230101673H0673,品種B,696
西製作所,(株)西製作所,20230101674H0674,品種B,697
西製作所,(株)西製作所,20230101675H0675,品種B,698
西製作所,(株)西製作所,20230101676H0676,品種B,699
西製作所,(株)西製作所,20230101677H0677,品種B,700
西製作所,(株)西製作所,20230101678H0678,品種B,701
西製作所,(株)西製作所,20230101679H0679,品種B,702
西製作所,(株)西製作所,20230101680H0680,品種B,703
西製作所,(株)西製作所,20230101681H0681,品種B,704
西製作所,(株)西製作所,20230101682H0682,品種B,705
西製作所,(株)西製作所,20230101683H0683,品種B,706
西製作所,(株)西製作所,20230101684H0684,品種B,707
西製作所,(株)西製作所,20230101685H0685,品種B,708
西製作所,(株)西製作所,20230101686H0686,品種B,709
西製作所,(株)西製作所,20230101687H0687,品種B,710
西製作所,(株)西製作所,20230101688H0688,品種B,711
西製作所,(株)西製作所,20230101689H0689,品種B,712
西製作所,(株)西製作所,20230101690H0690,品種B,713
西製作所,(株)西製作所,20230101691H0691,品種B,714
西製作所,(株)西製作所,20230101692H0692,品種B,715
西製作所,(株)西製作所,20230101693H0693,品種N,716
西製作所,(株)西製作所,20230101694H0694,品種N,717
西製作所,(株)西製作所,20230101695H0695,品種N,718
西製作所,(株)西製作所,20230101696H0696,品種N,719
西製作所,(株)西製作所,20230101697H0697,品種N,720
西製作所,(株)西製作所,20230101698H0698,品種N,721
西製作所,(株)西製作所,20230101699H0699,品種N,722
西製作所,(株)西製作所,20230101700H0700,品種N,723
西製作所,(株)西製作所,20230101701H0701,品種BB,724
西製作所,(株)西製作所,20230101702H0702,品種BB,725
西製作所,(株)西製作所,20230101703H0703,品種BB,726
西製作所,(株)西製作所,20230101704H0704,品種BB,727
西製作所,(株)西製作所,20230101705H0705,品種BB,728
西製作所,(株)西製作所,20230101706H0706,品種BB,729
西製作所,(株)西製作所,20230101707H0707,品種BB,730
西製作所,(株)西製作所,20230101708H0708,品種AT,731
西製作所,(株)西製作所,20230101709H0709,品種BA,732
西製作所,(株)西製作所,20230101710H0710,品種AT,733
西製作所,(株)西製作所,20230101711H0711,品種AT,734
西製作所,(株)西製作所,20230101712H0712,品種AT,735
西製作所,(株)西製作所,20230101713H0713,品種AT,736
西製作所,(株)西製作所,20230101714H0714,品種AT,737
桜物産,(株)桜物産,-,品種AZ,738
桜物産,(株)桜物産,-,品種AZ,739
桜物産,(株)桜物産,-,品種AZ,740
桜物産,(株)桜物産,-,品種P,741
桜物産,(株)桜物産,-,品種P,742
桜物産,(株)桜物産,-,品種P,743
桜物産,(株)桜物産,-,品種P,744
桜物産,(株)桜物産,-,品種P,745
桜物産,(株)桜物産,-,品種P,746
桜物産,(株)桜物産,-,品種P,747
桜物産,(株)桜物産,-,品種P,748
桜物産,(株)桜物産,-,品種P,749
桜物産,(株)桜物産,-,品種P,750
桜物産,(株)桜物産,-,品種R,751
桜物産,(株)桜物産,-,品種R,752
桜物産,(株)桜物産,-,品種R,753
桜物産,(株)桜物産,-,品種AW,754
東システム,東システム,-,品種U,755
東システム,東システム,-,品種U,756
東システム,東システム,-,品種U,757
東システム,東システム,-,品種U,758
東システム,東システム,-,品種U,759
東システム,東システム,-,品種U,760
東システム,東システム,-,品種U,761
東システム,東システム,-,品種U,762
東システム,東システム,-,品種U,763
東システム,東システム,-,品種U,764
東システム,東システム,-,品種U,765
東システム,東システム,-,品種U,766
東システム,東システム,-,品種U,767
東システム,東システム,-,品種U,768
東システム,東システム,-,品種U,769
東システム,東システム,-,品種U,770
東システム,東システム,-,品種U,771
東システム,東システム,-,品種U,772
東システム,東システム,-,品種U,773
東システム,東システム,-,品種U,774
東システム,東システム,-,品種U,775
東システム,東システム,-,品種U,776
東システム,東システム,-,品種U,777
東システム,東システム,-,品種U,778
東システム,東システム,-,品種AF,779
東システム,東システム,-,品種U,780
東システム,東システム,-,品種U,781
東システム,東システム,-,品種AF,782
東システム,東システム,-,品種U,783
東システム,東システム,-,品種U,784
東システム,東システム,-,品種U,785
東システム,東システム,-,品種U,786
東システム,東システム,-,品種U,787
東システム,東システム,-,品種U,788
東システム,東システム,-,品種U,789
東システム,東システム,-,品種U,790
東システム,東システム,-,品種U,791
東システム,東システム,-,品種U,792
東システム,東システム,-,品種U,793
東システム,東システム,-,品種U,794
東システム,東システム,-,品種U,795
東システム,東システム,-,品種U,796
東システム,東システム,-,品種U,797
東システム,東システム,-,品種U,798
東システム,東システム,-,品種U,799
東システム,東システム,-,品種U,800
東システム,東システム,-,品種U,801
東システム,東システム,-,品種U,802
東システム,東システム,-,品種U,803
東システム,東システム,-,品種U,804
東システム,東システム,-,品種U,805
東システム,東システム,-,品種U,806
東システム,東システム,-,品種U,807
東システム,東システム,-,品種U,808
東システム,東システム,-,品種U,809
東システム,東システム,-,品種U,810
東システム,東システム,-,品種U,811
東システム,東システム,-,品種U,812
東システム,東システム,-,品種U,813
東システム,東システム,-,品種U,814
東システム,東システム,-,品種U,815
東システム,東システム,-,品種U,816
東システム,東システム,-,品種U,817
東システム,東システム,-,品種U,818
東システム,東システム,-,品種U,819
東システム,東システム,-,品種U,820
東システム,東システム,-,品種U,821
東システム,東システム,-,品種U,822
東システム,東システム,-,品種U,823
東システム,東システム,-,品種U,824
東システム,東システム,-,品種U,825
東システム,東システム,-,品種U,826
東システム,東システム,-,品種U,827
東システム,東システム,-,品種U,828
東システム,東システム,-,品種U,829
東システム,東システム,-,品種U,830
東システム,東システム,-,品種U,831
東システム,東システム,-,品種U,832
東システム,東システム,-,品種AF,833
東システム,東システム,-,品種U,834
東システム,東システム,-,品種U,835
東システム,東システム,-,品種U,836
東システム,東システム,-,品種U,837
東システム,東システム,-,品種U,838
東システム,東システム,-,品種U,839
東システム,東システム,-,品種AF,840
東システム,東システム,-,品種U,841
東システム,東システム,-,品種U,842
東システム,東システム,-,品種U,843
東システム,東システム,-,品種U,844
東システム,東システム,-,品種U,845
東システム,東システム,-,品種U,846
東システム,東システム,-,品種U,847
東システム,東システム,-,品種U,848
東システム,東システム,-,品種U,849
東システム,東システム,-,品種U,850
東システム,東システム,-,品種U,851
東システム,東システム,-,品種U,852
東システム,東システム,-,品種U,853
東システム,東システム,-,品種U,854
東システム,東システム,-,品種U,855
東システム,東システム,-,品種U,856
東システム,東システム,-,品種U,857
東システム,東システム,-,品種U,858
東システム,東システム,-,品種U,859
東システム,東システム,-,品種AJ,860
東システム,東システム,-,品種AW,861
東システム,東システム,-,品種U,862
東システム,東システム,-,品種U,863
東システム,東システム,-,品種U,864
東システム,東システム,-,品種U,865
東システム,東システム,-,品種AW,866
東システム,東システム,-,品種AW,867
東システム,東システム,-,品種AW,868
東システム,東システム,-,品種U,869
東システム,東システム,-,品種U,870
東システム,東システム,-,品種U,871
東システム,東システム,-,品種U,872
東システム,東システム,-,品種U,873
東システム,東システム,-,品種AW,874
東システム,東システム,-,品種U,875
東システム,東システム,-,品種U,876
東システム,東システム,-,品種AF,877
東システム,東システム,-,品種U,878
東システム,東システム,-,品種U,879
東システム,東システム,-,品種U,880
東システム,東システム,-,品種U,881
東システム,東システム,-,品種U,882
東システム,東システム,-,品種U,883
東システム,東システム,-,品種U,884
東システム,東システム,-,品種U,885
東システム,東システム,-,品種AW,886
東システム,東システム,-,品種U,887
東システム,東システム,-,品種AW,888
東システム,東システム,-,品種U,889
東システム,東システム,-,品種U,890
東システム,東システム,-,品種U,891
東システム,東システム,-,品種U,892
東システム,東システム,-,品種U,893
東システム,東システム,-,品種U,894
東システム,東システム,-,品種U,895
東システム,東システム,-,品種AW,896
